"ersst.warming","year","UCI","LCI"
0.5,2002.7217555122,2006.00639359939,1999.43572126387
1,2018.60767262689,2023.35709750574,2013.77616756109
