"ersst.warming","year","UCI","LCI"
0.5,2002.48789813928,2005.85398190567,1999.18860652662
1,2018.51806502413,2023.80102859582,2013.2694883773
