"region","PDO_p","PDO_tau","NPGO_p","NPGO_tau"
"British_Columbia_Coast",6.26527718594616e-11,0.598639455782313,8.69439790786735e-10,-0.572695035460993
"Eastern_Bering_Sea",9.90083490015614e-06,0.423469387755102,0.00215407405103629,-0.303191489361702
"Gulf_of_Alaska",0.00263315441157119,0.29421768707483,0.00418951754419761,-0.283687943262411
"Northern_California_Current",2.51037421961087e-08,0.522108843537415,3.94258216197229e-14,-0.679078014184397
"Southern_California_Current",4.90940621489244e-13,0.649659863945578,3.74743535785611e-16,-0.718085106382979
