"region","PDO_p","PDO_tau","NPGO_p","NPGO_tau"
"British_Columbia_Coast",6.26527718594616e-11,940,8.69439790786735e-10,241
"Eastern_Bering_Sea",9.90083490015614e-06,837,0.00215407405103629,393
"Gulf_of_Alaska",0.00263315441157119,761,0.00418951754419761,404
"Northern_California_Current",2.51037421961087e-08,895,3.94258216197229e-14,181
"Southern_California_Current",4.90940621489244e-13,970,3.74743535785611e-16,159
