"region","PDO_p","PDO_tau","NPGO_p","NPGO_tau"
"British_Columbia_Coast",6.16559140947526e-07,4.98595682149406,6.52121266839992e-15,-7.79343404713533
"Eastern_Bering_Sea",0.00184378575655121,3.11430533773321,0.000623607244303751,-3.42113344982516
"Gulf_of_Alaska",0.000160659923063387,3.77398577873089,2.54020647919475e-07,-5.15471228314463
"Northern_California_Current",2.62766725117903e-05,4.20354513565961,1.98485754616579e-16,-8.22299340406405
"Southern_California_Current",0.0251009731260883,2.23984521827118,7.5306403449755e-18,-8.60652854417898
